"","ElevCat","Tmean8110Ws","WsAreaSqKm","Precip8110Ws","sampleId"
"1",354.78525614877,10.7050396444725,39.6063,1730.14340013475,185329
"2",381.779186596752,10.5742105658013,29.9196,1813.32355740585,185330
"3",351.432569910795,10.9471966129689,40.7754,2094.60640528769,185331
"4",239.806629213483,11.1623083583419,17.0163,1989.27305554895,185332
"5",441.505329666353,11.1397355975248,12.4353,1977.67523193892,185333
"6",239.806629213483,11.1623083583419,17.0163,1989.27305554895,185334
"7",515.27173374613,8.3737489883299,236.4381,2465.79997783175,185335
"8",804.948557329463,8.29275916056192,63.2034,2553.018564079,185336
"9",375.344459102902,8.45315498847753,33.4764,2475.59312796887,185337
