"","ElevCat","Tmean8110Ws","precip","temp","east","elev_sqrt","WsAreaSqKm","Precip8110Ws","sampleId"
"1",1046.30620437956,6.735528416293,381,152,1,9.43887678805058,1361.2617,478.329308150148,178748
"2",1060.06050531915,7.75158325384031,381,152,1,10.1523231592577,10.4265,421.774384314113,178749
"3",922.876957746479,6.82606085014247,330,161,1,8.83714659321661,1521.1845,478.411270035709,178750
"4",1315.7261690336,6.19071945858735,432,142,1,10.8267912688848,629.7858,493.702203117276,178751
