"","ElevCat","Tmean8110Ws","TMAX_PT","LOG_LT_PPT_PT","LOG_KM2","WsAreaSqKm","Precip8110Ws","sampleId"
"1",1535.16450941526,6.50656528611992,307,3.39019209699001,3.47046869394068,2897.9892,404.229446353323,178177
"2",1398.15069020867,6.6760566199757,301,3.51728490156305,3.06951283981773,1170.7164,600.702465933279,178178
"3",1704.75558238636,5.58440667280631,289,3.5228833787197,0.471876331518589,3.1365,421.596422446772,178530
