"","ElevCat","Tmean8110Ws","AtmCa","AtmSO4","AtmMg","LST32AVE","MINWD_WS","MEANP_WS","XWD_WS","SumAve_P","MAXWD_WS","MINP_WS","TMAX_WS","LPREM_mean","EVI_MaxAve","PRMH_AVE","CaO_Mean","MgO_Mean","S_Mean","UCS_Mean","BDH_AVE","KFCT_AVE","ELVmax_WS","ELVmin_WS","BFI_WS","WDmax_WS","Pmin_WS","Tmax_WS","HYDR_WS","Pmax_PT","Pmax_WS","Tmax_PT","SQ_KM","ELVcv_PT","ELVmean_WS","WsAreaSqKm","Precip8110Ws","sampleId"
"1",1674.88784461496,7.04486439050427,0.220915123820305,0.431598901748657,0.0231418516486883,162.519073486328,3,329.719055175781,74.6351165771484,4601.60498046875,8.42325115203857,10.1101007461548,289.156188964844,-1.30380809307098,2081.43701171875,1.94069969654083,21.9877166748047,2.54677796363831,0.724165320396423,86.6080093383789,1.45718491077423,0.171942755579948,2280.2583008,1622.7095947,65.9910888671875,8.42325115203857,10.1101007461548,28.9156188964844,0.00331595470197499,32,40.2189064025879,31.4,40.6875102824638,0.000670242339556532,1941.1361734,42.4107,337.879428433315,184850
"2",1924.27157726181,7.03858554475068,0.211231857538223,0.41753163933754,0.0222141034901142,163.164093017578,3,350.951354980469,76.5327453613281,4859.71875,8.76020336151123,10.4091320037842,280.760772705078,-1.57790267467499,2250.79077148438,1.49033355712891,28.6454639434814,2.83165311813354,0.967299997806549,93.7593078613281,1.43349373340607,0.124174155294895,2205.9501953,1839.269043,65.9719543457031,8.76020336151123,10.4091320037842,28.0760772705078,0.00320976041257381,38,43.7574272155762,29.6,12.9951097267444,0.00278214967971393,2021.7660021,16.6446,352.638258838045,184851
"3",2062.75890562694,6.88161520013292,0.211231857538223,0.41753163933754,0.0222141034901142,164.247268676758,3,359.925964355469,76.4291305541992,4846.046875,8.99999904632568,10.8856010437012,276.811309814453,-1.57790279388428,2305.5498046875,1.31858444213867,28.6454658508301,2.83165311813354,0.967299997806549,93.7593078613281,1.40592336654663,0.111357048153877,2205.9501953,1938.7258301,65.9818954467773,8.99999904632568,10.8856010437012,27.6811309814453,0.0042543145827949,44,45.3689155578613,28.2,1.97449906809855,0.00687845064607094,2065.7363151,2.0313,366.269742412051,184852
